{"cameraMode":{"drawMode":0,"name":"Shaded","section":"Shading Mode"},"sceneLighting":true,"audioPlay":false,"sceneViewState":{"showFog":false,"showMaterialUpdate":false,"showSkybox":false,"showFlares":false,"showImageEffects":false,"showParticleSystems":false},"in2DMode":false,"pivot":{"x":4.376653671264648,"y":-6.744344711303711,"z":-13.739505767822266},"rotation":{"x":0.22646671533584596,"y":0.724810779094696,"z":-0.27929869294166567,"w":0.5876851677894592},"size":20.712739944458009,"orthographic":false}