{"cameraMode":{"drawMode":0,"name":"Shaded","section":"Shading Mode"},"sceneLighting":true,"audioPlay":false,"sceneViewState":{"showFog":false,"showMaterialUpdate":false,"showSkybox":false,"showFlares":false,"showImageEffects":false,"showParticleSystems":false},"in2DMode":false,"pivot":{"x":2.6491284370422365,"y":3.8285322189331056,"z":-10.650426864624024},"rotation":{"x":-0.03965279087424278,"y":0.16115958988666535,"z":0.006487016100436449,"w":0.9861218929290772},"size":12.363518714904786,"orthographic":false}